<?xml version="1.0" encoding="utf-8"?>
<template>
	<name>viewList</name>
	<filePath>src/main/webapp/WEB-INF/views/${lastPackageName}/${moduleName}/${subModuleName}</filePath>
	<fileName>${className}List.jsp</fileName>
	<content><![CDATA[
<%@ page contentType="text/html;charset=UTF-8" %>
<%@ include file="/WEB-INF/views/include/taglib.jsp"%>
<!DOCTYPE html>
<html>
<head>
	<title>${functionNameSimple}管理</title>
	<%@include file="/WEB-INF/views/include/backtable.jsp" %>
	<style>
		.table-thead-bg thead tr{
			background-color: #f4e6d4;
		}
		.table th{
			background: none;
		}
		#searchForm{
			height: auto;
			padding: 15px 0 0;
			overflow: hidden;
		}
		.ul-form input[type="text"]{
			height: 20px;
		}
		.ul-form select{
			height: 30px;
			width: 174px;
			max-width: 174px;
		}
		.form-search .ul-form li{
			margin-bottom: 15px;
		}
		.form-search .ul-form li.btns{
			float: right;
		}
		.table{
			margin-bottom: 20px;
		}
	</style>
	<script type="text/javascript">
		$(document).ready(function() {
			$("#ps").val($("#pageSize").val());
		});
		function page(n,s){
			$("#pageNo").val(n);
			$("#pageSize").val(s);
			$("#searchForm").submit();
        	return false;
        }
	</script>
</head>
<body>
	<div class="mybreadcrumbs">
		<span>${functionNameSimple}</span>
	</div>
	<div class="content_panel">
		<ul class="nav nav-tabs">
			<li class="active"><a href="${r"${ctx}"}/${urlPrefix}/">${functionNameSimple}列表</a></li>
			<shiro:hasPermission name="${permissionPrefix}:edit"><li><a href="${r"${ctx}"}/${urlPrefix}/form">${functionNameSimple}添加</a></li></shiro:hasPermission>
		</ul>
		<form:form id="searchForm" modelAttribute="${className}" action="${r"${ctx}"}/${urlPrefix}/" method="post" class="breadcrumb form-search">
			<input id="pageNo" name="pageNo" type="hidden" value="${r"${page.pageNo}"}"/>
			<input id="pageSize" name="pageSize" type="hidden" value="${r"${page.pageSize}"}"/>
			<ul class="ul-form">
			<li class="btns"><input id="btnSubmit" class="btn btn-primary" type="submit" value="查询"/></li>
			<#list table.columnList as c>
				<#if c.isQuery?? && c.isQuery == "1">
				<li><label>${c.comments}：</label>
				<#if c.showType == "input" || c.showType == "textarea">
					<form:input path="${c.javaFieldId}" htmlEscape="false"<#if c.dataLength != "0"> maxlength="${c.dataLength}"</#if> class="input-medium"/>
				<#elseif c.showType == "select">
					<form:select path="${c.javaFieldId}" class="input-medium">
						<form:option value="" label="--请选择--"/>
						<form:options items="${"$"}{fns:getDictList('${c.dictType}')}" itemLabel="label" itemValue="value" htmlEscape="false"/>
					</form:select>
				<#elseif c.showType == "checkbox">
					<form:checkboxes path="${c.javaFieldId}" items="${"$"}{fns:getDictList('${c.dictType}')}" itemLabel="label" itemValue="value" htmlEscape="false"/>
				<#elseif c.showType == "radiobox">
					<form:radiobuttons path="${c.javaFieldId}" items="${"$"}{fns:getDictList('${c.dictType}')}" itemLabel="label" itemValue="value" htmlEscape="false"/>
				<#elseif c.showType == "dateselect" && c.queryType == "between">
					<input name="begin${c.simpleJavaField?cap_first}" type="text" readonly="readonly" maxlength="20" class="input-medium Wdate"
						value="<fmt:formatDate value="${"$"}{${className}.begin${c.simpleJavaField?cap_first}}" pattern="yyyy-MM-dd HH:mm:ss"/>"
						onclick="WdatePicker({dateFmt:'yyyy-MM-dd HH:mm:ss',isShowClear:false});"/> -
					<input name="end${c.simpleJavaField?cap_first}" type="text" readonly="readonly" maxlength="20" class="input-medium Wdate"
						value="<fmt:formatDate value="${"$"}{${className}.end${c.simpleJavaField?cap_first}}" pattern="yyyy-MM-dd HH:mm:ss"/>"
						onclick="WdatePicker({dateFmt:'yyyy-MM-dd HH:mm:ss',isShowClear:false});"/>
				<#elseif c.showType == "dateselect">
					<input name="${c.javaFieldId}" type="text" readonly="readonly" maxlength="20" class="input-medium Wdate"
						value="<fmt:formatDate value="${"$"}{${className}.${c.javaFieldId}}" pattern="yyyy-MM-dd HH:mm:ss"/>"
						onclick="WdatePicker({dateFmt:'yyyy-MM-dd HH:mm:ss',isShowClear:false});"/>
				<#elseif c.showType == "userselect">
					<sys:treeselect id="${c.simpleJavaField}" name="${c.javaFieldId}" value="${"$"}{${className}.${c.javaFieldId}}" labelName="${c.javaFieldName}" labelValue="${"$"}{${className}.${c.javaFieldName}}"
						title="用户" url="/sys/office/treeData?type=3" cssClass="input-small" allowClear="true" notAllowSelectParent="true"/>
				<#elseif c.showType == "officeselect">
					<sys:treeselect id="${c.simpleJavaField}" name="${c.javaFieldId}" value="${"$"}{${className}.${c.javaFieldId}}" labelName="${c.javaFieldName}" labelValue="${"$"}{${className}.${c.javaFieldName}}"
						title="部门" url="/sys/office/treeData?type=2" cssClass="input-small" allowClear="true" notAllowSelectParent="true"/>
				<#elseif c.showType == "areaselect">
					<sys:treeselect id="${c.simpleJavaField}" name="${c.javaFieldId}" value="${"$"}{${className}.${c.javaFieldId}}" labelName="${c.javaFieldName}" labelValue="${"$"}{${className}.${c.javaFieldName}}"
						title="区域" url="/sys/area/treeData" cssClass="input-small" allowClear="true" notAllowSelectParent="true"/>
				</#if>
				</li>
				</#if>
			</#list>
			</ul>
		</form:form>
		<sys:message content="${r"${message}"}"/>
		<table id="contentTable" class="table table-striped table-bordered table-condensed table-thead-bg">
			<thead>
				<tr>
					<#list table.columnList as c>
						<#if c.isList?? && c.isList == "1">
					<th>${c.comments}</th>
						</#if>
					</#list>
					<shiro:hasPermission name="${permissionPrefix}:edit"><th>操作</th></shiro:hasPermission>
				</tr>
			</thead>
			<tbody>
			<c:forEach items="${r"${page.list}"}" var="${className}">
				<tr>
					<#assign firstListField = true>
					<#list table.columnList as c>
						<#if c.isList?? && c.isList == "1">
					<td><#if firstListField><a href="${r"${ctx}"}/${urlPrefix}/form?id=${"${"+className+".id}"}"></#if>
					<#if c.simpleJavaType == "Date">
						<fmt:formatDate value="${"$"}{${className}.${c.javaFieldId}}" pattern="yyyy-MM-dd HH:mm:ss"/>
					<#elseif c.showType == "select" || c.showType == "checkbox" || c.showType == "radiobox">
						${"$"}{fns:getDictLabel(${className}.${c.javaFieldId}, '${c.dictType}', '')}
					<#elseif c.showType == "userselect" || c.showType == "officeselect" || c.showType == "areaselect">
						${"$"}{${className}.${c.javaFieldName}}
					<#else>
						${"$"}{${className}.${c.javaFieldId}}
					</#if>
					<#if firstListField></a></#if></td>
							<#assign firstListField = false>
						</#if>
					</#list>
					<shiro:hasPermission name="${permissionPrefix}:edit"><td>
	    				<a class="check_btn btn-pray btn-lx-primary" href="${r"${ctx}"}/${urlPrefix}/form?id=${"${"+className+".id}"}">修改</a>
						<a class="check_btn btn-pray btn-lx-primary" href="${r"${ctx}"}/${urlPrefix}/delete?id=${"${"+className+".id}"}" onclick="return confirmx('确认要删除该${functionNameSimple}吗？', this.href)">删除</a>
					</td></shiro:hasPermission>
				</tr>
			</c:forEach>
			</tbody>
		</table>
		${r"${page.footer}"}
	</div>
	<div id="dialog-message" title="信息">
		<p id="dialog-content"></p>
	</div>
</body>
</html>]]>
	</content>
</template>